{
  "colors": {
    "subway": {
      "$value": "{colors.charcoal.30}",
      "$type": "color"
    },
    "green-line": {
      "$value": "#00843d",
      "$type": "color"
    },
    "orange-line": {
      "$value": "#ed8b00",
      "$type": "color"
    },
    "red-line": {
      "$value": "#da291c",
      "$type": "color"
    },
    "blue-line": {
      "$value": "#003da5",
      "$type": "color"
    },
    "silver-line": {
      "$value": "#7c878e",
      "$type": "color"
    },
    "brand-bus": {
      "$value": "#ffc72c",
      "$type": "color"
    },
    "ferry": {
      "$value": "#008eaa",
      "$type": "color"
    },
    "the-ride": {
      "$value": "#52bbc5",
      "$type": "color"
    },
    "commuter-rail": {
      "$value": "#80276c",
      "$type": "color"
    },
    "swa": {
      "$value": "#00b5e2",
      "$type": "color"
    },
    "mbta-dark": {
      "$value": "#212322",
      "$type": "color"
    },
    "dark-winter": {
      "$value": "#13294b",
      "$type": "color"
    },
    "mid-winter": {
      "$value": "#147bd1",
      "$type": "color"
    }
  }
}