{
  "colors": {
    "text-primary": {
      "$value": "{colors.black}",
      "$type": "color"
    },
    "text-secondary": {
      "$value": "{colors.charcoal.30}",
      "$type": "color"
    },
    "text-tertiary": {
      "$value": "{colors.charcoal.40}",
      "$type": "color"
    },
    "background-primary": {
      "$value": "{colors.white}",
      "$type": "color"
    },
    "background-secondary": {
      "$value": "{colors.charcoal.90}",
      "$type": "color"
    },
    "background-tertiary": {
      "$value": "{colors.charcoal.80}",
      "$type": "color"
    },
    "action-primary": {
      "default": {
        "$value": "{colors.cobalt.30}",
        "$type": "color"
      },
      "hover": {
        "$value": "{colors.cobalt.20}",
        "$type": "color"
      },
      "active": {
        "$value": "{colors.cobalt.20}",
        "$type": "color"
      },
      "disabled": {
        "$value": "{colors.charcoal.40}",
        "$type": "color"
      },
      "visited": {
        "$value": "{colors.amethyst.40}",
        "$type": "color"
      }
    },
    "focus": {
      "$value": "{colors.cobalt.60}",
      "$type": "color"
    },
    "error": {
      "active": {
        "foreground": {
          "$value": "{colors.firebrick.20}",
          "$type": "color"
        }
      },
      "default": {
        "foreground": {
          "$value": "{colors.firebrick.30}",
          "$type": "color"
        },
        "background": {
          "$value": "{colors.firebrick.90}",
          "$type": "color"
        }
      }
    },
    "success": {
      "default": {
        "foreground": {
          "$value": "{colors.emerald.30}",
          "$type": "color"
        },
        "background": {
          "$value": "{colors.emerald.90}",
          "$type": "color"
        }
      },
      "active": {
        "foreground": {
          "$value": "{colors.emerald.20}",
          "$type": "color"
        },
        "background": {
          "$value": "{colors.emerald.90}",
          "$type": "color"
        }
      }
    },
    "warning": {
      "default": {
        "foreground": {
          "$value": "{colors.gold.30}",
          "$type": "color"
        },
        "background": {
          "$value": "{colors.gold.90}",
          "$type": "color"
        }
      },
      "active": {
        "foreground": {
          "$value": "{colors.gold.20}",
          "$type": "color"
        },
        "background": {
          "$value": "{colors.gold.90}",
          "$type": "color"
        }
      }
    }
  }
}